[
{
  "fields": {
    "username": "candidate-1254",
    "first_name": "",
    "last_name": "",
    "is_active": true,
    "is_superuser": false,
    "is_staff": false,
    "last_login": null,
    "groups": [],
    "user_permissions": [],
    "password": "",
    "email": "",
    "date_joined": "2015-04-21T21:50:41.249Z"
  },
  "model": "auth.user",
  "pk": 1
},
{
  "fields": {
    "username": "candidate-3724",
    "first_name": "",
    "last_name": "",
    "is_active": true,
    "is_superuser": false,
    "is_staff": false,
    "last_login": null,
    "groups": [],
    "user_permissions": [],
    "password": "",
    "email": "",
    "date_joined": "2015-04-21T21:50:41.256Z"
  },
  "model": "auth.user",
  "pk": 2
},
{
  "fields": {
    "username": "candidate-571",
    "first_name": "",
    "last_name": "",
    "is_active": true,
    "is_superuser": false,
    "is_staff": false,
    "last_login": null,
    "groups": [],
    "user_permissions": [],
    "password": "",
    "email": "",
    "date_joined": "2015-04-21T21:50:41.260Z"
  },
  "model": "auth.user",
  "pk": 3
},
{
  "fields": {
    "username": "candidate-4167",
    "first_name": "",
    "last_name": "",
    "is_active": true,
    "is_superuser": false,
    "is_staff": false,
    "last_login": null,
    "groups": [],
    "user_permissions": [],
    "password": "",
    "email": "",
    "date_joined": "2015-04-21T21:50:41.265Z"
  },
  "model": "auth.user",
  "pk": 4
},
{
  "fields": {
    "username": "candidate-5674",
    "first_name": "",
    "last_name": "",
    "is_active": true,
    "is_superuser": false,
    "is_staff": false,
    "last_login": null,
    "groups": [],
    "user_permissions": [],
    "password": "",
    "email": "",
    "date_joined": "2015-04-21T21:50:41.269Z"
  },
  "model": "auth.user",
  "pk": 5
},
{
  "fields": {
    "username": "candidate-4279",
    "first_name": "",
    "last_name": "",
    "is_active": true,
    "is_superuser": false,
    "is_staff": false,
    "last_login": null,
    "groups": [],
    "user_permissions": [],
    "password": "",
    "email": "",
    "date_joined": "2015-04-21T21:50:41.274Z"
  },
  "model": "auth.user",
  "pk": 6
},
{
  "fields": {
    "username": "candidate-6923",
    "first_name": "",
    "last_name": "",
    "is_active": true,
    "is_superuser": false,
    "is_staff": false,
    "last_login": null,
    "groups": [],
    "user_permissions": [],
    "password": "",
    "email": "",
    "date_joined": "2015-04-21T21:50:41.278Z"
  },
  "model": "auth.user",
  "pk": 7
},
{
  "fields": {
    "username": "candidate-998",
    "first_name": "",
    "last_name": "",
    "is_active": true,
    "is_superuser": false,
    "is_staff": false,
    "last_login": null,
    "groups": [],
    "user_permissions": [],
    "password": "",
    "email": "",
    "date_joined": "2015-04-21T21:50:41.282Z"
  },
  "model": "auth.user",
  "pk": 8
},
{
  "fields": {
    "username": "candidate-7319",
    "first_name": "",
    "last_name": "",
    "is_active": true,
    "is_superuser": false,
    "is_staff": false,
    "last_login": null,
    "groups": [],
    "user_permissions": [],
    "password": "",
    "email": "",
    "date_joined": "2015-04-21T21:50:41.289Z"
  },
  "model": "auth.user",
  "pk": 9
},
{
  "fields": {
    "username": "candidate-7321",
    "first_name": "",
    "last_name": "",
    "is_active": true,
    "is_superuser": false,
    "is_staff": false,
    "last_login": null,
    "groups": [],
    "user_permissions": [],
    "password": "",
    "email": "",
    "date_joined": "2015-04-21T21:50:41.293Z"
  },
  "model": "auth.user",
  "pk": 10
},
{
  "fields": {
    "username": "candidate-600",
    "first_name": "",
    "last_name": "",
    "is_active": true,
    "is_superuser": false,
    "is_staff": false,
    "last_login": null,
    "groups": [],
    "user_permissions": [],
    "password": "",
    "email": "",
    "date_joined": "2015-04-21T21:50:41.298Z"
  },
  "model": "auth.user",
  "pk": 11
},
{
  "fields": {
    "username": "candidate-6487",
    "first_name": "",
    "last_name": "",
    "is_active": true,
    "is_superuser": false,
    "is_staff": false,
    "last_login": null,
    "groups": [],
    "user_permissions": [],
    "password": "",
    "email": "",
    "date_joined": "2015-04-21T21:50:41.303Z"
  },
  "model": "auth.user",
  "pk": 12
},
{
  "fields": {
    "username": "candidate-4310",
    "first_name": "",
    "last_name": "",
    "is_active": true,
    "is_superuser": false,
    "is_staff": false,
    "last_login": null,
    "groups": [],
    "user_permissions": [],
    "password": "",
    "email": "",
    "date_joined": "2015-04-21T21:50:41.308Z"
  },
  "model": "auth.user",
  "pk": 13
},
{
  "fields": {
    "username": "candidate-5725",
    "first_name": "",
    "last_name": "",
    "is_active": true,
    "is_superuser": false,
    "is_staff": false,
    "last_login": null,
    "groups": [],
    "user_permissions": [],
    "password": "",
    "email": "",
    "date_joined": "2015-04-21T21:50:41.312Z"
  },
  "model": "auth.user",
  "pk": 14
},
{
  "fields": {
    "username": "candidate-6814",
    "first_name": "",
    "last_name": "",
    "is_active": true,
    "is_superuser": false,
    "is_staff": false,
    "last_login": null,
    "groups": [],
    "user_permissions": [],
    "password": "",
    "email": "",
    "date_joined": "2015-04-21T21:50:41.317Z"
  },
  "model": "auth.user",
  "pk": 15
},
{
  "fields": {
    "username": "richard",
    "first_name": "",
    "last_name": "",
    "is_active": true,
    "is_superuser": true,
    "is_staff": true,
    "last_login": "2015-04-25T20:34:52.773Z",
    "groups": [],
    "user_permissions": [],
    "password": "pbkdf2_sha256$20000$PeVX8hXoWmsc$qWDJlLsZ4WJ10Y3FcXcHik7xeHtUM1pMDJi8GD34osY=",
    "email": "richard@openrightsgroup.org",
    "date_joined": "2015-04-21T21:51:59.695Z"
  },
  "model": "auth.user",
  "pk": 16
},
{
  "fields": {
    "username": "mike",
    "first_name": "",
    "last_name": "",
    "is_active": true,
    "is_superuser": false,
    "is_staff": false,
    "last_login": null,
    "groups": [],
    "user_permissions": [],
    "password": "pbkdf2_sha256$20000$obmXa20F6vJj$KW9BLtFr6HmTGWu+pqEbdClJmf1wEP3dXb9hF8+dPnM=",
    "email": "",
    "date_joined": "2015-04-21T21:53:44.367Z"
  },
  "model": "auth.user",
  "pk": 17
},
{
  "fields": {
    "username": "ed",
    "first_name": "",
    "last_name": "",
    "is_active": true,
    "is_superuser": false,
    "is_staff": false,
    "last_login": null,
    "groups": [],
    "user_permissions": [],
    "password": "pbkdf2_sha256$20000$v70kfmdmf1oe$unwLTAgbFhs6BlJo256R7Yk40ci8+Yd2GlEaZe1aecA=",
    "email": "",
    "date_joined": "2015-04-21T21:53:53.525Z"
  },
  "model": "auth.user",
  "pk": 18
},
{
  "fields": {
    "expire_date": "2015-05-05T21:52:08.495Z",
    "session_data": "YjdmODIzZmQyMDQzMjUyOTAyNzBjNTIyZTg0YjA1ODY4ZDJkMzM0Nzp7Il9hdXRoX3VzZXJfaGFzaCI6IjJmNWE0ZmZiOTQzYzBkMDg2ZjBjMGYxODM2MGU5ZTlmMDUzZjJkYjYiLCJfYXV0aF91c2VyX2JhY2tlbmQiOiJkamFuZ28uY29udHJpYi5hdXRoLmJhY2tlbmRzLk1vZGVsQmFja2VuZCIsIl9hdXRoX3VzZXJfaWQiOiIxNiJ9"
  },
  "model": "sessions.session",
  "pk": "5mj78i5bjev2uons17gdvxoae6gybit7"
},
{
  "fields": {
    "expire_date": "2015-05-09T20:34:52.778Z",
    "session_data": "YjdmODIzZmQyMDQzMjUyOTAyNzBjNTIyZTg0YjA1ODY4ZDJkMzM0Nzp7Il9hdXRoX3VzZXJfaGFzaCI6IjJmNWE0ZmZiOTQzYzBkMDg2ZjBjMGYxODM2MGU5ZTlmMDUzZjJkYjYiLCJfYXV0aF91c2VyX2JhY2tlbmQiOiJkamFuZ28uY29udHJpYi5hdXRoLmJhY2tlbmRzLk1vZGVsQmFja2VuZCIsIl9hdXRoX3VzZXJfaWQiOiIxNiJ9"
  },
  "model": "sessions.session",
  "pk": "bdsuzpk3s6txt2mxvba9fnggpcqtfk18"
},
{
  "fields": {
    "domain": "example.com",
    "name": "example.com"
  },
  "model": "sites.site",
  "pk": 1
},
{
  "fields": {
    "user": [
      "richard"
    ],
    "auth_token": "60b741bd20ded1487239754a25d4b458971c4da2",
    "modified": "2015-04-21T21:52:45.637Z",
    "name": "The Very Organisation",
    "created": "2015-04-21T21:52:45.632Z"
  },
  "model": "organisations.organisation",
  "pk": 1
},
{
  "fields": {
    "user": [
      "ed"
    ],
    "auth_token": "a2dce9cd7222eb3e92f138f58802ddf7cad0ef93",
    "modified": "2015-04-21T21:54:25.650Z",
    "name": "The Quite Organisation",
    "created": "2015-04-21T21:54:25.647Z"
  },
  "model": "organisations.organisation",
  "pk": 2
},
{
  "fields": {
    "user": [
      "mike"
    ],
    "auth_token": "61aa87c357d11ceeb73e7d036c7fdf047634239e",
    "modified": "2015-04-21T21:54:40.365Z",
    "name": "The Not So Organisation",
    "created": "2015-04-21T21:54:40.362Z"
  },
  "model": "organisations.organisation",
  "pk": 3
},
{
  "fields": {
    "last_reminder_sent": null,
    "name": "Caroline Lucas",
    "created": "2015-04-21T21:50:41.262Z",
    "auth_token": "d936c316b1d0b4f6868f5d2a30e45edd496f6b21",
    "modified": "2015-04-25T22:23:47.302Z",
    "constituency_name": "Brighton, Pavilion",
    "participating": true,
    "constituency_id": "65787",
    "contact_address": "caroline.lucas@brightonandhovegreenparty.org.uk",
    "user": [
      "candidate-571"
    ],
    "party": "Green Party",
    "invited": null
  },
  "model": "candidates.candidate",
  "pk": 571
},
{
  "fields": {
    "last_reminder_sent": null,
    "name": "Mark Field",
    "created": "2015-04-21T21:50:41.300Z",
    "auth_token": "d8105724870cf574a092b33b20489bb099b2b069",
    "modified": "2015-04-21T21:50:41.301Z",
    "constituency_name": "Cities of London and Westminster",
    "participating": false,
    "constituency_id": "65759",
    "contact_address": "mfield@westminsterconservatives.co.uk",
    "user": [
      "candidate-600"
    ],
    "party": "Conservative Party",
    "invited": null
  },
  "model": "candidates.candidate",
  "pk": 600
},
{
  "fields": {
    "last_reminder_sent": null,
    "name": "Belinda Brooks-Gordon",
    "created": "2015-04-21T21:50:41.285Z",
    "auth_token": "0c98cc9d2d4d05a115da3e33dbd1ceeed5a9a807",
    "modified": "2015-04-21T21:50:41.286Z",
    "constituency_name": "Cities of London and Westminster",
    "participating": false,
    "constituency_id": "65759",
    "contact_address": "b.brooks-gordon@bbk.ac.uk",
    "user": [
      "candidate-998"
    ],
    "party": "Liberal Democrats",
    "invited": null
  },
  "model": "candidates.candidate",
  "pk": 998
},
{
  "fields": {
    "last_reminder_sent": null,
    "name": "Chris Bowers",
    "created": "2015-04-21T21:50:41.253Z",
    "auth_token": "66f9e74e45b6fee5bdbfc10a4e4a8b83a001fe50",
    "modified": "2015-04-25T22:23:43.054Z",
    "constituency_name": "Brighton, Pavilion",
    "participating": true,
    "constituency_id": "65787",
    "contact_address": "chris.bowers@liberalbrighton.org",
    "user": [
      "candidate-1254"
    ],
    "party": "Liberal Democrats",
    "invited": null
  },
  "model": "candidates.candidate",
  "pk": 1254
},
{
  "fields": {
    "last_reminder_sent": null,
    "name": "Nigel Carter",
    "created": "2015-04-21T21:50:41.257Z",
    "auth_token": "dc2b7bd0b5de9feff3c2d0827835cad8d70da3cf",
    "modified": "2015-04-25T22:23:39.535Z",
    "constituency_name": "Brighton, Pavilion",
    "participating": true,
    "constituency_id": "65787",
    "contact_address": "nigelcarter2@virginmedia.com",
    "user": [
      "candidate-3724"
    ],
    "party": "UK Independence Party (UKIP)",
    "invited": null
  },
  "model": "candidates.candidate",
  "pk": 3724
},
{
  "fields": {
    "last_reminder_sent": null,
    "name": "Clarence Mitchell",
    "created": "2015-04-21T21:50:41.266Z",
    "auth_token": "7a391460e4bb31c0c6ca5befd18a04d7c345431a",
    "modified": "2015-04-21T21:50:41.267Z",
    "constituency_name": "Brighton, Pavilion",
    "participating": false,
    "constituency_id": "65787",
    "contact_address": "clarence@clarence4pavilion.com",
    "user": [
      "candidate-4167"
    ],
    "party": "Conservative Party",
    "invited": null
  },
  "model": "candidates.candidate",
  "pk": 4167
},
{
  "fields": {
    "last_reminder_sent": null,
    "name": "Purna Sen",
    "created": "2015-04-21T21:50:41.275Z",
    "auth_token": "13937d5753324338d4e707b08e7fba4f79f62249",
    "modified": "2015-04-25T22:23:35.047Z",
    "constituency_name": "Brighton, Pavilion",
    "participating": true,
    "constituency_id": "65787",
    "contact_address": "PurnaSenBrightonLabour@gmail.com",
    "user": [
      "candidate-4279"
    ],
    "party": "Labour Party",
    "invited": null
  },
  "model": "candidates.candidate",
  "pk": 4279
},
{
  "fields": {
    "last_reminder_sent": null,
    "name": "Nik Slingsby",
    "created": "2015-04-21T21:50:41.309Z",
    "auth_token": "c111eafd9170e647b4eccaafa91a6affe873d126",
    "modified": "2015-04-21T21:50:41.310Z",
    "constituency_name": "Cities of London and Westminster",
    "participating": false,
    "constituency_id": "65759",
    "contact_address": "info@citieslabour.org.uk",
    "user": [
      "candidate-4310"
    ],
    "party": "Labour Party",
    "invited": null
  },
  "model": "candidates.candidate",
  "pk": 4310
},
{
  "fields": {
    "last_reminder_sent": null,
    "name": "Howard Pilott",
    "created": "2015-04-21T21:50:41.271Z",
    "auth_token": "34a18e85154395bb96d173e869c764dfb2e9f4a4",
    "modified": "2015-04-25T22:23:31.045Z",
    "constituency_name": "Brighton, Pavilion",
    "participating": true,
    "constituency_id": "65787",
    "contact_address": "brightonpavilion@worldsocialism.org",
    "user": [
      "candidate-5674"
    ],
    "party": "The Socialist Party of Great Britain",
    "invited": null
  },
  "model": "candidates.candidate",
  "pk": 5674
},
{
  "fields": {
    "last_reminder_sent": null,
    "name": "Hugh Small",
    "created": "2015-04-21T21:50:41.313Z",
    "auth_token": "ed20bb61d75e23f1f7fa2819e01225476ab0cfcd",
    "modified": "2015-04-21T21:50:41.314Z",
    "constituency_name": "Cities of London and Westminster",
    "participating": false,
    "constituency_id": "65759",
    "contact_address": "hugh.small@greenparty.org.uk",
    "user": [
      "candidate-5725"
    ],
    "party": "Green Party",
    "invited": null
  },
  "model": "candidates.candidate",
  "pk": 5725
},
{
  "fields": {
    "last_reminder_sent": null,
    "name": "Jill McLachlan",
    "created": "2015-04-21T21:50:41.304Z",
    "auth_token": "1120d10f620d53f5a1a39400130711656ba682d5",
    "modified": "2015-04-21T21:50:41.305Z",
    "constituency_name": "Cities of London and Westminster",
    "participating": false,
    "constituency_id": "65759",
    "contact_address": "",
    "user": [
      "candidate-6487"
    ],
    "party": "Christian Peoples Alliance",
    "invited": null
  },
  "model": "candidates.candidate",
  "pk": 6487
},
{
  "fields": {
    "last_reminder_sent": null,
    "name": "Robert Stephenson",
    "created": "2015-04-21T21:50:41.318Z",
    "auth_token": "aa7f964bb2d14d5534188eefba7b0f8c7c1a2e79",
    "modified": "2015-04-21T21:50:41.319Z",
    "constituency_name": "Cities of London and Westminster",
    "participating": false,
    "constituency_id": "65759",
    "contact_address": "robert.stephenson@ukiplocal.org",
    "user": [
      "candidate-6814"
    ],
    "party": "UK Independence Party (UKIP)",
    "invited": null
  },
  "model": "candidates.candidate",
  "pk": 6814
},
{
  "fields": {
    "last_reminder_sent": null,
    "name": "Nick Yeomans",
    "created": "2015-04-21T21:50:41.279Z",
    "auth_token": "283bc1969e33e637d19bea6fd4d560de56745d3d",
    "modified": "2015-04-25T22:23:22.138Z",
    "constituency_name": "Brighton, Pavilion",
    "participating": true,
    "constituency_id": "65787",
    "contact_address": "nicholasyeomans7@hotmail.com",
    "user": [
      "candidate-6923"
    ],
    "party": "Independent",
    "invited": null
  },
  "model": "candidates.candidate",
  "pk": 6923
},
{
  "fields": {
    "last_reminder_sent": null,
    "name": "Adam Clifford",
    "created": "2015-04-21T21:50:41.290Z",
    "auth_token": "7c8d792deba884159a95f2c5470a9444ff414237",
    "modified": "2015-04-21T21:50:41.291Z",
    "constituency_name": "Cities of London and Westminster",
    "participating": false,
    "constituency_id": "65759",
    "contact_address": "",
    "user": [
      "candidate-7319"
    ],
    "party": "Class War",
    "invited": null
  },
  "model": "candidates.candidate",
  "pk": 7319
},
{
  "fields": {
    "last_reminder_sent": null,
    "name": "Edouard-Henri Desforges",
    "created": "2015-04-21T21:50:41.295Z",
    "auth_token": "82e3b049b5b09d0057768f8ae1ff3da16c156342",
    "modified": "2015-04-21T21:50:41.296Z",
    "constituency_name": "Cities of London and Westminster",
    "participating": false,
    "constituency_id": "65759",
    "contact_address": "",
    "user": [
      "candidate-7321"
    ],
    "party": "Cannabis is Safer than Alcohol",
    "invited": null
  },
  "model": "candidates.candidate",
  "pk": 7321
},
{
  "fields": {
    "added": "2015-04-21T21:55:32.735Z",
    "organisation": 1,
    "question": "What is the meaning of life?",
    "choices": "",
    "type": "text",
    "asked": true
  },
  "model": "questions.question",
  "pk": 1
},
{
  "fields": {
    "added": "2015-04-21T21:55:56.389Z",
    "organisation": 1,
    "question": "How many grains of sand are there under the sea?",
    "choices": "",
    "type": "text",
    "asked": true
  },
  "model": "questions.question",
  "pk": 2
},
{
  "fields": {
    "added": "2015-04-21T21:56:27.026Z",
    "organisation": 2,
    "question": "What is your name?",
    "choices": "",
    "type": "text",
    "asked": true
  },
  "model": "questions.question",
  "pk": 3
},
{
  "fields": {
    "added": "2015-04-21T21:56:39.102Z",
    "organisation": 2,
    "question": "What is your quest?",
    "choices": "",
    "type": "text",
    "asked": true
  },
  "model": "questions.question",
  "pk": 4
},
{
  "fields": {
    "added": "2015-04-21T21:57:12.707Z",
    "organisation": 2,
    "question": "What is your favourite colour?",
    "choices": "Red, Blue, I don't know",
    "type": "options",
    "asked": true
  },
  "model": "questions.question",
  "pk": 5
},
{
  "fields": {
    "added": "2015-04-21T21:57:39.234Z",
    "organisation": 3,
    "question": "Should I bother to vote?",
    "choices": "",
    "type": "bool",
    "asked": true
  },
  "model": "questions.question",
  "pk": 6
},
{
  "fields": {
    "answer": "42",
    "completed": true,
    "question": 1,
    "completed_timestamp": "2015-04-21T00:00:00Z",
    "candidate": 1254
  },
  "model": "questions.answer",
  "pk": 1
},
{
  "fields": {
    "answer": "\"Lorem ipsum dolor sit amet, consectetur adipiscing elit, sed do eiusmod tempor incididunt ut labore et dolore magna aliqua. Ut enim ad minim veniam, quis nostrud exercitation ullamco laboris nisi ut aliquip ex ea commodo consequat. Duis aute irure dolor in reprehenderit in voluptate velit esse cillum dolore eu fugiat nulla pariatur. Excepteur sint occaecat cupidatat non proident, sunt in culpa qui officia deserunt mollit anim id est laborum.\"",
    "completed": true,
    "question": 1,
    "completed_timestamp": "2015-04-20T00:00:00Z",
    "candidate": 3724
  },
  "model": "questions.answer",
  "pk": 2
},
{
  "fields": {
    "answer": "\"Sed ut perspiciatis unde omnis iste natus error sit voluptatem accusantium doloremque laudantium, totam rem aperiam, eaque ipsa quae ab illo inventore veritatis et quasi architecto beatae vitae dicta sunt explicabo. Nemo enim ipsam voluptatem quia voluptas sit aspernatur aut odit aut fugit, sed quia consequuntur magni dolores eos qui ratione voluptatem sequi nesciunt. Neque porro quisquam est, qui dolorem ipsum quia dolor sit amet, consectetur, adipisci velit, sed quia non numquam eius modi tempora incidunt ut labore et dolore magnam aliquam quaerat voluptatem. Ut enim ad minima veniam, quis nostrum exercitationem ullam corporis suscipit laboriosam, nisi ut aliquid ex ea commodi consequatur? Quis autem vel eum iure reprehenderit qui in ea voluptate velit esse quam nihil molestiae consequatur, vel illum qui dolorem eum fugiat quo voluptas nulla pariatur?\"",
    "completed": true,
    "question": 1,
    "completed_timestamp": "2015-04-14T00:00:00Z",
    "candidate": 571
  },
  "model": "questions.answer",
  "pk": 3
},
{
  "fields": {
    "answer": "\"But I must explain to you how all this mistaken idea of denouncing pleasure and praising pain was born and I will give you a complete account of the system, and expound the actual teachings of the great explorer of the truth, the master-builder of human happiness. No one rejects, dislikes, or avoids pleasure itself, because it is pleasure, but because those who do not know how to pursue pleasure rationally encounter consequences that are extremely painful. Nor again is there anyone who loves or pursues or desires to obtain pain of itself, because it is pain, but because occasionally circumstances occur in which toil and pain can procure him some great pleasure. To take a trivial example, which of us ever undertakes laborious physical exercise, except to obtain some advantage from it? But who has any right to find fault with a man who chooses to enjoy a pleasure that has no annoying consequences, or one who avoids a pain that produces no resultant pleasure?\"",
    "completed": true,
    "question": 1,
    "completed_timestamp": "2015-04-16T00:00:00Z",
    "candidate": 4167
  },
  "model": "questions.answer",
  "pk": 4
},
{
  "fields": {
    "answer": "\"At vero eos et accusamus et iusto odio dignissimos ducimus qui blanditiis praesentium voluptatum deleniti atque corrupti quos dolores et quas molestias excepturi sint occaecati cupiditate non provident, similique sunt in culpa qui officia deserunt mollitia animi, id est laborum et dolorum fuga. Et harum quidem rerum facilis est et expedita distinctio. Nam libero tempore, cum soluta nobis est eligendi optio cumque nihil impedit quo minus id quod maxime placeat facere possimus, omnis voluptas assumenda est, omnis dolor repellendus. Temporibus autem quibusdam et aut officiis debitis aut rerum necessitatibus saepe eveniet ut et voluptates repudiandae sint et molestiae non recusandae. Itaque earum rerum hic tenetur a sapiente delectus, ut aut reiciendis voluptatibus maiores alias consequatur aut perferendis doloribus asperiores repellat.\"\r\n\r\n\"On the other hand, we denounce with righteous indignation and dislike men who are so beguiled and demoralized by the charms of pleasure of the moment, so blinded by desire, that they cannot foresee the pain and trouble that are bound to ensue; and equal blame belongs to those who fail in their duty through weakness of will, which is the same as saying through shrinking from toil and pain. These cases are perfectly simple and easy to distinguish. In a free hour, when our power of choice is untrammelled and when nothing prevents our being able to do what we like best, every pleasure is to be welcomed and every pain avoided. But in certain circumstances and owing to the claims of duty or the obligations of business it will frequently occur that pleasures have to be repudiated and annoyances accepted. The wise man therefore always holds in these matters to this principle of selection: he rejects pleasures to secure other greater pleasures, or else he endures pains to avoid worse pains.\"",
    "completed": true,
    "question": 1,
    "completed_timestamp": "2015-04-19T00:00:00Z",
    "candidate": 5674
  },
  "model": "questions.answer",
  "pk": 5
},
{
  "fields": {
    "answer": "Contrary to popular belief, Lorem Ipsum is not simply random text. It has roots in a piece of classical Latin literature from 45 BC, making it over 2000 years old. Richard McClintock, a Latin professor at Hampden-Sydney College in Virginia, looked up one of the more obscure Latin words, consectetur, from a Lorem Ipsum passage, and going through the cites of the word in classical literature, discovered the undoubtable source. Lorem Ipsum comes from sections 1.10.32 and 1.10.33 of \"de Finibus Bonorum et Malorum\" (The Extremes of Good and Evil) by Cicero, written in 45 BC. This book is a treatise on the theory of ethics, very popular during the Renaissance. The first line of Lorem Ipsum, \"Lorem ipsum dolor sit amet..\", comes from a line in section 1.10.32.",
    "completed": true,
    "question": 1,
    "completed_timestamp": "2015-04-21T00:00:00Z",
    "candidate": 4279
  },
  "model": "questions.answer",
  "pk": 6
},
{
  "fields": {
    "answer": "Quisque elementum convallis tellus, sit amet iaculis sem ultricies in. Morbi suscipit fermentum purus, vel semper risus ultricies quis. Sed sed turpis dolor. Vivamus porttitor, massa ac ullamcorper faucibus, lorem ligula posuere leo, a consequat odio sem non tortor. Phasellus ligula dolor, venenatis ut tristique at, sollicitudin ac nulla. Suspendisse volutpat nisi ut orci condimentum blandit. Nullam viverra congue mi, id aliquet est convallis et.",
    "completed": true,
    "question": 1,
    "completed_timestamp": "2015-04-21T00:00:00Z",
    "candidate": 6923
  },
  "model": "questions.answer",
  "pk": 7
},
{
  "fields": {
    "answer": "Integer porta diam at mi ultricies dapibus. Morbi facilisis lectus id quam bibendum, a mollis risus ornare. Curabitur fringilla ullamcorper turpis a ullamcorper. Proin nec nulla dignissim, lobortis erat quis, congue odio. Ut ut sollicitudin tortor. Proin egestas mattis massa non iaculis. Maecenas sagittis justo eget congue commodo. Ut posuere dignissim est. Interdum et malesuada fames ac ante ipsum primis in faucibus. Etiam nibh dolor, egestas et orci eu, ultricies maximus dui. Praesent imperdiet sollicitudin dui, a viverra leo gravida ac.",
    "completed": true,
    "question": 1,
    "completed_timestamp": "2015-04-21T00:00:00Z",
    "candidate": 998
  },
  "model": "questions.answer",
  "pk": 8
},
{
  "fields": {
    "answer": "Suspendisse potenti. In nec facilisis nibh. Nam a massa eget neque placerat facilisis ut in quam. Donec condimentum, nunc id vulputate placerat, nisi leo auctor tellus, nec volutpat quam nisi ac arcu. Ut imperdiet vitae purus ut ultricies. Fusce vulputate rutrum dolor, sed semper nisl aliquet vel. Nam ultricies iaculis sagittis. Morbi vehicula tempor magna, ut tempor sem commodo at. Donec tristique ornare lorem. Fusce accumsan elit nec enim aliquam tempus. Aliquam diam enim, blandit non metus in, tristique ultricies eros. Aenean vulputate erat a est commodo vulputate. Maecenas eros purus, vehicula non eros in, mattis pulvinar metus. Nulla sagittis quam sapien, et facilisis augue rhoncus sed. Vestibulum cursus nunc pretium nisi rutrum, vitae feugiat nisi aliquam. ",
    "completed": true,
    "question": 1,
    "completed_timestamp": "2015-04-18T00:00:00Z",
    "candidate": 7319
  },
  "model": "questions.answer",
  "pk": 9
},
{
  "fields": {
    "answer": "Duis porttitor odio in lectus pellentesque porttitor. Sed sit amet ex cursus, tristique nibh ut, sollicitudin purus. Pellentesque diam justo, congue sit amet purus quis, accumsan tincidunt nibh. Etiam diam risus, facilisis quis massa at, interdum viverra dui. Vestibulum in nunc sit amet leo ultrices venenatis. Aliquam erat volutpat. In hac habitasse platea dictumst. Cras hendrerit velit ut feugiat mattis. Sed efficitur purus eget arcu placerat, ut iaculis dui porta. In faucibus magna quis nulla consequat, sit amet pellentesque ligula fringilla. Sed tristique ex eget nisl blandit, aliquet dictum eros pellentesque. Proin lobortis nunc ligula, at vehicula purus tincidunt vitae. Nullam blandit felis ac mauris accumsan, ac aliquam nisi tincidunt. Nullam quis varius mauris. ",
    "completed": true,
    "question": 1,
    "completed_timestamp": "2015-04-21T00:00:00Z",
    "candidate": 7321
  },
  "model": "questions.answer",
  "pk": 10
},
{
  "fields": {
    "answer": "Mauris nec finibus diam, ac dapibus nulla. Class aptent taciti sociosqu ad litora torquent per conubia nostra, per inceptos himenaeos. Aliquam blandit eros vitae tellus faucibus, eu laoreet velit eleifend. Vivamus non sem et justo euismod aliquam at eu mi. Nullam interdum ac orci nec aliquam. Donec ex ex, gravida sed blandit sed, euismod vitae est. Phasellus pretium libero pellentesque orci pellentesque fermentum. Suspendisse id mollis nisl, ac scelerisque odio. Nam faucibus elementum tortor et viverra. Fusce imperdiet pulvinar neque, id sagittis lacus finibus in. Curabitur egestas magna vitae augue dictum elementum. Cras nec tincidunt justo. Maecenas congue dignissim tristique. Nam suscipit purus ex, nec porttitor lectus viverra et. Aenean at tempus nisi, at sodales felis. ",
    "completed": true,
    "question": 1,
    "completed_timestamp": "2015-04-21T00:00:00Z",
    "candidate": 600
  },
  "model": "questions.answer",
  "pk": 11
},
{
  "fields": {
    "answer": "Sed elit leo, fringilla et lectus vitae, aliquam semper massa. Curabitur eget tortor tincidunt, tincidunt orci non, porta ipsum. Fusce venenatis sagittis nisl, non lobortis velit semper a. Sed lobortis molestie libero eget imperdiet. Curabitur varius vitae ipsum quis hendrerit. Cras at neque diam. Nulla lorem nisi, volutpat ac tristique quis, elementum non metus. ",
    "completed": true,
    "question": 1,
    "completed_timestamp": "2015-04-08T00:00:00Z",
    "candidate": 6487
  },
  "model": "questions.answer",
  "pk": 12
},
{
  "fields": {
    "answer": "Suspendisse quis lorem nec ipsum lacinia mattis. Maecenas imperdiet arcu eget urna venenatis, a vehicula elit lacinia. Proin suscipit ac leo eu cursus. Praesent dignissim neque in pulvinar mollis. Nullam facilisis lectus eget quam laoreet tristique. Aenean id ligula accumsan, ullamcorper orci sed, sodales neque. Proin pulvinar felis ipsum, a ultrices mauris dapibus non. Fusce vestibulum mattis sapien. Aenean hendrerit, augue eget condimentum interdum, mauris purus tristique augue, sit amet lacinia ante neque ac massa. Sed in ligula nisl. Ut congue vel odio non consectetur. Cras cursus dui nisl, sit amet pulvinar justo mollis a.",
    "completed": true,
    "question": 1,
    "completed_timestamp": "2015-04-21T00:00:00Z",
    "candidate": 4310
  },
  "model": "questions.answer",
  "pk": 13
},
{
  "fields": {
    "answer": "Cum sociis natoque penatibus et magnis dis parturient montes, nascetur ridiculus mus. In pulvinar venenatis tortor non semper. Etiam urna magna, efficitur at nisi id, tempus venenatis erat. Phasellus convallis hendrerit urna, eleifend posuere sapien posuere id. In a mauris dolor. Curabitur id pellentesque libero. Quisque tristique hendrerit convallis. ",
    "completed": true,
    "question": 1,
    "completed_timestamp": "2015-04-13T00:00:00Z",
    "candidate": 5725
  },
  "model": "questions.answer",
  "pk": 14
},
{
  "fields": {
    "answer": "Praesent eget dui at ex ultricies facilisis. Etiam condimentum dui et libero semper lobortis. In hac habitasse platea dictumst. Proin vel neque sit amet augue vestibulum tristique. Lorem ipsum dolor sit amet, consectetur adipiscing elit. Proin tristique est quis massa euismod, vitae rhoncus lorem pellentesque. Pellentesque eget tortor blandit sapien molestie lacinia. Aenean luctus, sapien sed tempor volutpat, tortor lorem rhoncus augue, et porttitor diam lectus efficitur tellus. In iaculis metus ut molestie iaculis. ",
    "completed": true,
    "question": 1,
    "completed_timestamp": "2015-04-01T00:00:00Z",
    "candidate": 6814
  },
  "model": "questions.answer",
  "pk": 15
},
{
  "fields": {
    "answer": "Lots",
    "completed": true,
    "question": 2,
    "completed_timestamp": "2015-04-21T00:00:00Z",
    "candidate": 1254
  },
  "model": "questions.answer",
  "pk": 16
},
{
  "fields": {
    "answer": "What kind of stupid question is this?",
    "completed": true,
    "question": 2,
    "completed_timestamp": "2015-04-21T00:00:00Z",
    "candidate": 3724
  },
  "model": "questions.answer",
  "pk": 17
},
{
  "fields": {
    "answer": "Too many",
    "completed": true,
    "question": 2,
    "completed_timestamp": "2015-04-21T00:00:00Z",
    "candidate": 571
  },
  "model": "questions.answer",
  "pk": 18
},
{
  "fields": {
    "answer": "ONE MIIIILION",
    "completed": true,
    "question": 2,
    "completed_timestamp": "2015-04-14T00:00:00Z",
    "candidate": 4167
  },
  "model": "questions.answer",
  "pk": 19
},
{
  "fields": {
    "answer": "Only the Great Old One can know.",
    "completed": true,
    "question": 2,
    "completed_timestamp": "2015-04-19T00:00:00Z",
    "candidate": 5674
  },
  "model": "questions.answer",
  "pk": 20
},
{
  "fields": {
    "answer": "To find the Holy Grail",
    "completed": true,
    "question": 4,
    "completed_timestamp": "2015-04-21T00:00:00Z",
    "candidate": 4279
  },
  "model": "questions.answer",
  "pk": 21
},
{
  "fields": {
    "answer": "I don't know.",
    "completed": false,
    "question": 3,
    "completed_timestamp": "2015-04-21T00:00:00Z",
    "candidate": 5674
  },
  "model": "questions.answer",
  "pk": 22
},
{
  "fields": {
    "answer": "",
    "completed": false,
    "question": 3,
    "completed_timestamp": null,
    "candidate": 571
  },
  "model": "questions.answer",
  "pk": 23
},
{
  "fields": {
    "answer": "",
    "completed": false,
    "question": 4,
    "completed_timestamp": null,
    "candidate": 571
  },
  "model": "questions.answer",
  "pk": 24
},
{
  "fields": {
    "answer": "",
    "completed": false,
    "question": 5,
    "completed_timestamp": null,
    "candidate": 571
  },
  "model": "questions.answer",
  "pk": 25
},
{
  "fields": {
    "answer": "",
    "completed": false,
    "question": 6,
    "completed_timestamp": null,
    "candidate": 571
  },
  "model": "questions.answer",
  "pk": 26
},
{
  "fields": {
    "answer": "",
    "completed": false,
    "question": 2,
    "completed_timestamp": null,
    "candidate": 6923
  },
  "model": "questions.answer",
  "pk": 27
},
{
  "fields": {
    "answer": "",
    "completed": false,
    "question": 3,
    "completed_timestamp": null,
    "candidate": 6923
  },
  "model": "questions.answer",
  "pk": 28
},
{
  "fields": {
    "answer": "",
    "completed": false,
    "question": 4,
    "completed_timestamp": null,
    "candidate": 6923
  },
  "model": "questions.answer",
  "pk": 29
},
{
  "fields": {
    "answer": "",
    "completed": false,
    "question": 5,
    "completed_timestamp": null,
    "candidate": 6923
  },
  "model": "questions.answer",
  "pk": 30
},
{
  "fields": {
    "answer": "",
    "completed": false,
    "question": 6,
    "completed_timestamp": null,
    "candidate": 6923
  },
  "model": "questions.answer",
  "pk": 31
},
{
  "fields": {
    "answer": "",
    "completed": false,
    "question": 4,
    "completed_timestamp": null,
    "candidate": 5674
  },
  "model": "questions.answer",
  "pk": 32
},
{
  "fields": {
    "answer": "",
    "completed": false,
    "question": 5,
    "completed_timestamp": null,
    "candidate": 5674
  },
  "model": "questions.answer",
  "pk": 33
},
{
  "fields": {
    "answer": "",
    "completed": false,
    "question": 6,
    "completed_timestamp": null,
    "candidate": 5674
  },
  "model": "questions.answer",
  "pk": 34
},
{
  "fields": {
    "answer": "",
    "completed": false,
    "question": 2,
    "completed_timestamp": null,
    "candidate": 4279
  },
  "model": "questions.answer",
  "pk": 35
},
{
  "fields": {
    "answer": "",
    "completed": false,
    "question": 3,
    "completed_timestamp": null,
    "candidate": 4279
  },
  "model": "questions.answer",
  "pk": 36
},
{
  "fields": {
    "answer": "",
    "completed": false,
    "question": 5,
    "completed_timestamp": null,
    "candidate": 4279
  },
  "model": "questions.answer",
  "pk": 37
},
{
  "fields": {
    "answer": "",
    "completed": false,
    "question": 6,
    "completed_timestamp": null,
    "candidate": 4279
  },
  "model": "questions.answer",
  "pk": 38
},
{
  "fields": {
    "answer": "",
    "completed": false,
    "question": 3,
    "completed_timestamp": null,
    "candidate": 3724
  },
  "model": "questions.answer",
  "pk": 39
},
{
  "fields": {
    "answer": "",
    "completed": false,
    "question": 4,
    "completed_timestamp": null,
    "candidate": 3724
  },
  "model": "questions.answer",
  "pk": 40
},
{
  "fields": {
    "answer": "",
    "completed": false,
    "question": 5,
    "completed_timestamp": null,
    "candidate": 3724
  },
  "model": "questions.answer",
  "pk": 41
},
{
  "fields": {
    "answer": "",
    "completed": false,
    "question": 6,
    "completed_timestamp": null,
    "candidate": 3724
  },
  "model": "questions.answer",
  "pk": 42
},
{
  "fields": {
    "answer": "",
    "completed": false,
    "question": 3,
    "completed_timestamp": null,
    "candidate": 1254
  },
  "model": "questions.answer",
  "pk": 43
},
{
  "fields": {
    "answer": "",
    "completed": false,
    "question": 4,
    "completed_timestamp": null,
    "candidate": 1254
  },
  "model": "questions.answer",
  "pk": 44
},
{
  "fields": {
    "answer": "",
    "completed": false,
    "question": 5,
    "completed_timestamp": null,
    "candidate": 1254
  },
  "model": "questions.answer",
  "pk": 45
},
{
  "fields": {
    "answer": "",
    "completed": false,
    "question": 6,
    "completed_timestamp": null,
    "candidate": 1254
  },
  "model": "questions.answer",
  "pk": 46
},
{
  "fields": {
    "name": "Cities of London and Westminster"
  },
  "model": "constituencies.constituency",
  "pk": 65759
},
{
  "fields": {
    "name": "Brighton, Pavilion"
  },
  "model": "constituencies.constituency",
  "pk": 65787
},
{
  "fields": {
    "name": "Sheffield Central"
  },
  "model": "constituencies.constituency",
  "pk": 65957
},
{
  "fields": {
    "name": "Reigate"
  },
  "model": "constituencies.constituency",
  "pk": 66005
}
]
